# Anderstorp Raceway planar centerline, L = 4009.1 m
# from OSM (way["highway"="raceway"](57.23,13.55,57.30,13.65)); (c) OpenStreetMap contributors, ODbL 1.0
# smoothed with a periodic Gaussian, sigma = 6 m; elevation dropped
s_m,x_m,y_m,psi_rad,kappa_1pm
0.000000,-240.900712,4.692927,1.006614,0.000000
5.000000,-238.227086,8.918057,1.006614,0.000000
10.000000,-235.553461,13.143187,1.006614,-0.000000
15.000000,-232.879835,17.368318,1.006614,-0.000000
20.000000,-230.206209,21.593448,1.006614,-0.000000
25.000000,-227.532583,25.818578,1.006614,-0.000000
30.000000,-224.858957,30.043708,1.006614,0.000000
35.000000,-222.185332,34.268838,1.006614,-0.000000
40.000000,-219.511706,38.493968,1.006614,-0.000000
45.000000,-216.838080,42.719099,1.006614,0.000000
50.000000,-214.164454,46.944229,1.006614,0.000000
55.000000,-211.490828,51.169359,1.006614,-0.000000
60.000000,-208.817202,55.394489,1.006614,-0.000000
65.000000,-206.143577,59.619619,1.006614,0.000000
70.000000,-203.469951,63.844750,1.006614,0.000000
75.000000,-200.796325,68.069880,1.006614,0.000000
80.000000,-198.122699,72.295010,1.006614,-0.000000
85.000000,-195.449073,76.520140,1.006614,0.000000
90.000000,-192.775447,80.745270,1.006614,0.000000
95.000000,-190.101822,84.970400,1.006614,0.000000
100.000000,-187.428196,89.195531,1.006614,-0.000000
105.000000,-184.754570,93.420661,1.006614,-0.000000
110.000000,-182.080944,97.645791,1.006614,0.000000
115.000000,-179.407318,101.870921,1.006614,-0.000000
120.000000,-176.733693,106.096051,1.006614,0.000000
125.000000,-174.060067,110.321181,1.006614,-0.000000
130.000000,-171.386441,114.546312,1.006614,-0.000000
135.000000,-168.712815,118.771442,1.006614,-0.000000
140.000000,-166.039189,122.996572,1.006614,-0.000000
145.000000,-163.365563,127.221702,1.006614,0.000000
150.000000,-160.691938,131.446832,1.006614,0.000000
155.000000,-158.018312,135.671962,1.006614,-0.000000
160.000000,-155.344686,139.897093,1.006614,0.000000
165.000000,-152.671060,144.122223,1.006614,-0.000000
170.000000,-149.997434,148.347353,1.006614,-0.000000
175.000000,-147.323809,152.572483,1.006614,0.000000
180.000000,-144.650183,156.797613,1.006614,0.000000
185.000000,-141.976557,161.022744,1.006614,-0.000000
190.000000,-139.302931,165.247874,1.006614,0.000000
195.000000,-136.629305,169.473004,1.006614,0.000000
200.000000,-133.955679,173.698134,1.006614,-0.000000
205.000000,-131.282054,177.923264,1.006614,0.000000
210.000000,-128.608428,182.148394,1.006614,-0.000000
215.000000,-125.934802,186.373525,1.006614,-0.000000
220.000000,-123.261176,190.598655,1.006614,0.000000
225.000000,-120.587550,194.823785,1.006614,-0.000000
230.000000,-117.913925,199.048915,1.006614,0.000000
235.000000,-115.240299,203.274045,1.006614,0.000000
240.000000,-112.566666,207.499171,1.006602,-0.000008
245.000000,-109.892693,211.724081,1.006327,-0.000137
250.000000,-107.215205,215.946765,1.004093,-0.000971
255.000000,-104.512503,220.153317,0.992579,-0.003841
260.000000,-101.731431,224.308300,0.964041,-0.007575
265.000000,-98.796455,228.355793,0.924490,-0.007499
270.000000,-95.721608,232.298278,0.895266,-0.003834
275.000000,-92.566781,236.177305,0.884217,-0.001018
280.000000,-89.390959,240.039187,0.881952,-0.000026
285.000000,-86.214123,243.900238,0.883332,0.000614
290.000000,-83.049428,247.771237,0.889110,0.001818
295.000000,-79.920999,251.671569,0.900986,0.002721
300.000000,-76.842112,255.611119,0.913682,0.002114
305.000000,-73.805445,259.583341,0.920821,0.000833
310.000000,-70.785455,263.568269,0.923065,0.000140
315.000000,-67.769045,267.555909,0.922968,-0.000174
320.000000,-64.748898,271.540718,0.920739,-0.000827
325.000000,-61.710816,275.511856,0.913814,-0.001893
330.000000,-58.637521,279.455786,0.903055,-0.002235
335.000000,-55.521028,283.365682,0.893982,-0.001333
340.000000,-52.379488,287.255500,0.889732,-0.000404
345.000000,-49.228704,291.137839,0.888749,-0.000067
350.000000,-46.076386,295.018934,0.888608,-0.000005
355.000000,-42.923894,298.899886,0.888600,-0.000000
360.000000,-39.771395,302.780833,0.888599,-0.000000
365.000000,-36.618896,306.661780,0.888599,-0.000000
370.000000,-33.466397,310.542727,0.888599,0.000000
375.000000,-30.313898,314.423674,0.888599,0.000000
380.000000,-27.161399,318.304622,0.888599,0.000000
385.000000,-24.008900,322.185569,0.888599,-0.000000
390.000000,-20.856402,326.066516,0.888599,-0.000000
395.000000,-17.703903,329.947463,0.888599,-0.000000
400.000000,-14.551401,333.828408,0.888593,-0.000004
405.000000,-11.398741,337.709225,0.888456,-0.000069
410.000000,-8.244448,341.588713,0.887330,-0.000487
415.000000,-5.078600,345.458768,0.881595,-0.001912
420.000000,-1.876703,349.299005,0.867429,-0.003747
425.000000,1.395851,353.079147,0.847881,-0.003706
430.000000,4.733392,356.802089,0.833432,-0.001900
435.000000,8.108409,360.491154,0.827941,-0.000510
440.000000,11.493475,364.171008,0.826711,-0.000064
445.000000,14.880323,367.849223,0.826586,-0.000005
450.000000,18.267301,371.527317,0.826578,0.000000
455.000000,21.654285,375.205406,0.826578,0.000000
460.000000,25.041268,378.883496,0.826578,0.000000
465.000000,28.428252,382.561586,0.826578,-0.000000
470.000000,31.815235,386.239675,0.826578,-0.000000
475.000000,35.202219,389.917765,0.826578,-0.000000
480.000000,38.589202,393.595854,0.826578,-0.000000
485.000000,41.976186,397.273944,0.826578,0.000000
490.000000,45.363169,400.952034,0.826578,-0.000000
495.000000,48.750152,404.630123,0.826578,0.000000
500.000000,52.137136,408.308213,0.826578,0.000000
505.000000,55.524121,411.986301,0.826575,-0.000003
510.000000,58.911174,415.664326,0.826506,-0.000037
515.000000,62.299286,419.341376,0.825735,-0.000331
520.000000,65.694039,423.012293,0.821932,-0.001365
525.000000,69.115718,426.658086,0.810933,-0.002929
530.000000,72.587116,430.256527,0.794854,-0.003215
535.000000,76.115103,433.799542,0.782285,-0.001762
540.000000,79.673311,437.312245,0.776880,-0.000471
545.000000,83.241395,440.814926,0.776004,0.000041
550.000000,86.808822,444.318277,0.777188,0.000479
555.000000,90.367192,447.830820,0.781168,0.001079
560.000000,93.907694,451.361367,0.787227,0.001242
565.000000,97.426558,454.913484,0.792206,0.000720
570.000000,100.933037,458.477835,0.794476,0.000212
575.000000,104.435045,462.046580,0.794987,0.000034
580.000000,107.936329,465.616035,0.795058,0.000002
585.000000,111.437533,469.185568,0.795062,0.000000
590.000000,114.938735,472.755104,0.795062,0.000000
595.000000,118.439937,476.324640,0.795062,-0.000000
600.000000,121.941138,479.894176,0.795062,-0.000000
605.000000,125.442340,483.463712,0.795062,-0.000000
610.000000,128.943542,487.033248,0.795062,0.000000
615.000000,132.444743,490.602784,0.795062,-0.000000
620.000000,135.945945,494.172320,0.795062,-0.000000
625.000000,139.447147,497.741856,0.795062,-0.000000
630.000000,142.948348,501.311391,0.795062,0.000000
635.000000,146.449550,504.880927,0.795062,0.000000
640.000000,149.950752,508.450463,0.795062,-0.000000
645.000000,153.451970,512.019983,0.795041,-0.000012
650.000000,156.953493,515.589204,0.794759,-0.000140
655.000000,160.458645,519.154858,0.792241,-0.001032
660.000000,163.983660,522.700845,0.780685,-0.004170
665.000000,167.590862,526.162711,0.741901,-0.011810
670.000000,171.393574,529.406501,0.654331,-0.024315
675.000000,175.571025,532.142997,0.493537,-0.039786
680.000000,180.191584,534.016163,0.260519,-0.052826
685.000000,185.135444,534.639875,-0.011324,-0.053315
690.000000,190.075238,533.960197,-0.242177,-0.038089
695.000000,194.813008,532.378028,-0.389200,-0.020763
700.000000,199.351549,530.282477,-0.460538,-0.009108
705.000000,203.791514,527.983614,-0.488975,-0.002743
710.000000,208.194197,525.613741,-0.495998,-0.000549
715.000000,212.589497,523.230185,-0.497425,-0.000151
720.000000,216.982387,520.842193,-0.498595,-0.000350
725.000000,221.371106,518.446545,-0.501319,-0.000798
730.000000,225.749302,516.031734,-0.507646,-0.001808
735.000000,230.105840,513.578119,-0.520363,-0.003337
740.000000,234.420644,511.051924,-0.538584,-0.003627
745.000000,238.692120,508.453088,-0.553471,-0.002107
750.000000,242.934796,505.807409,-0.559846,-0.000636
755.000000,247.168636,503.147598,-0.561435,-0.000091
760.000000,251.400731,500.485010,-0.561615,-0.000008
765.000000,255.632682,497.822194,-0.561629,0.000000
770.000000,259.864627,495.159369,-0.561628,0.000000
775.000000,264.096577,492.496551,-0.561625,0.000001
780.000000,268.328538,489.833751,-0.561620,0.000001
785.000000,272.560513,487.170971,-0.561615,0.000001
790.000000,276.792497,484.508208,-0.561613,0.000000
795.000000,281.024485,481.845450,-0.561612,0.000000
800.000000,285.256473,479.182693,-0.561612,0.000000
805.000000,289.488462,476.519937,-0.561612,0.000000
810.000000,293.720450,473.857180,-0.561612,-0.000000
815.000000,297.952439,471.194423,-0.561612,-0.000000
820.000000,302.184427,468.531667,-0.561612,-0.000000
825.000000,306.416416,465.868910,-0.561612,-0.000000
830.000000,310.648404,463.206153,-0.561613,-0.000000
835.000000,314.880389,460.543390,-0.561616,-0.000001
840.000000,319.112355,457.880598,-0.561628,-0.000004
845.000000,323.344274,455.217731,-0.561651,-0.000006
850.000000,327.576120,452.554748,-0.561678,-0.000005
855.000000,331.807890,449.891644,-0.561730,-0.000022
860.000000,336.039177,447.227773,-0.562236,-0.000230
865.000000,340.266978,444.558375,-0.565244,-0.001164
870.000000,344.477168,441.861337,-0.576052,-0.003153
875.000000,348.646442,439.101578,-0.595452,-0.004353
880.000000,352.755732,436.253264,-0.614701,-0.003164
885.000000,356.821025,433.342418,-0.627372,-0.002129
890.000000,360.850135,430.381704,-0.641530,-0.003861
895.000000,364.821930,427.344728,-0.668719,-0.007205
900.000000,368.678074,424.162664,-0.713010,-0.010360
905.000000,372.369583,420.791529,-0.773062,-0.013979
910.000000,375.803883,417.159853,-0.857638,-0.020182
915.000000,378.860710,413.207684,-0.980632,-0.029652
920.000000,381.286878,408.843523,-1.150260,-0.037005
925.000000,382.898297,404.119681,-1.333583,-0.035015
930.000000,383.666045,399.184856,-1.491269,-0.028131
935.000000,383.732333,394.189454,-1.617759,-0.022808
940.000000,383.229843,389.217343,-1.721886,-0.019023
945.000000,382.249835,384.316427,-1.811755,-0.017358
950.000000,380.849248,379.518495,-1.899845,-0.018054
955.000000,379.019527,374.867522,-1.988885,-0.016996
960.000000,376.814236,370.381584,-2.061757,-0.011520
965.000000,374.351251,366.030766,-2.102391,-0.005129
970.000000,371.774566,361.745898,-2.118617,-0.001816
975.000000,369.154251,357.487512,-2.125194,-0.000985
980.000000,366.512989,353.242080,-2.129075,-0.000551
985.000000,363.859829,349.004069,-2.130722,-0.000131
990.000000,361.203775,344.767870,-2.130554,0.000202
995.000000,358.552124,340.528916,-2.128711,0.000518
1000.000000,355.910921,336.283444,-2.125784,0.000598
1005.000000,353.282075,332.030310,-2.123371,0.000348
1010.000000,350.660523,327.772674,-2.122287,0.000103
1015.000000,348.041477,323.513496,-2.122037,0.000016
1020.000000,345.422859,319.254055,-2.122004,0.000001
1025.000000,342.804284,314.994587,-2.122002,0.000000
1030.000000,340.185711,310.735118,-2.122002,-0.000000
1035.000000,337.567137,306.475650,-2.122002,0.000000
1040.000000,334.948564,302.216181,-2.122003,-0.000000
1045.000000,332.329972,297.956724,-2.122018,-0.000008
1050.000000,329.711162,293.697401,-2.122162,-0.000064
1055.000000,327.090656,289.439121,-2.122979,-0.000288
1060.000000,324.463936,285.184673,-2.125308,-0.000652
1065.000000,321.823546,280.938697,-2.128991,-0.000755
1070.000000,319.168057,276.702148,-2.132118,-0.000452
1075.000000,316.502794,272.471738,-2.133518,-0.000140
1080.000000,313.834336,268.243342,-2.133868,-0.000021
1085.000000,311.165267,264.015332,-2.133912,-0.000002
1090.000000,308.496140,259.787358,-2.133915,-0.000000
1095.000000,305.827011,255.559386,-2.133915,-0.000000
1100.000000,303.157882,251.331413,-2.133915,0.000000
1105.000000,300.488753,247.103441,-2.133915,0.000000
1110.000000,297.819624,242.875468,-2.133915,0.000000
1115.000000,295.150496,238.647495,-2.133914,0.000000
1120.000000,292.481373,234.419519,-2.133912,0.000001
1125.000000,289.812267,230.191533,-2.133906,0.000001
1130.000000,287.143188,225.963528,-2.133899,0.000001
1135.000000,284.474137,221.735507,-2.133894,0.000001
1140.000000,281.805099,217.507477,-2.133893,0.000000
1145.000000,279.136065,213.279445,-2.133892,0.000000
1150.000000,276.467031,209.051412,-2.133892,0.000000
1155.000000,273.797998,204.823380,-2.133892,-0.000000
1160.000000,271.128965,200.595347,-2.133892,-0.000000
1165.000000,268.459931,196.367314,-2.133892,-0.000000
1170.000000,265.790898,192.139281,-2.133892,0.000000
1175.000000,263.121864,187.911249,-2.133892,-0.000000
1180.000000,260.452831,183.683216,-2.133892,-0.000000
1185.000000,257.783797,179.455183,-2.133892,-0.000000
1190.000000,255.114764,175.227151,-2.133892,0.000000
1195.000000,252.445730,170.999118,-2.133892,0.000000
1200.000000,249.776697,166.771085,-2.133892,0.000000
1205.000000,247.107664,162.543053,-2.133892,0.000000
1210.000000,244.438630,158.315020,-2.133892,0.000000
1215.000000,241.769597,154.086987,-2.133892,-0.000000
1220.000000,239.100563,149.858955,-2.133892,0.000000
1225.000000,236.431530,145.630922,-2.133892,-0.000000
1230.000000,233.762496,141.402889,-2.133892,-0.000000
1235.000000,231.093463,137.174856,-2.133892,-0.000000
1240.000000,228.424426,132.946826,-2.133896,-0.000002
1245.000000,225.755299,128.718852,-2.133963,-0.000032
1250.000000,223.085365,124.491388,-2.134430,-0.000189
1255.000000,220.410853,120.266820,-2.136365,-0.000606
1260.000000,217.723818,116.050210,-2.140471,-0.000996
1265.000000,215.016408,111.846655,-2.145244,-0.000835
1270.000000,212.292230,107.653944,-2.148263,-0.000362
1275.000000,209.559949,103.466506,-2.149263,-0.000082
1280.000000,206.825691,99.280358,-2.149450,-0.000009
1285.000000,204.091149,95.094396,-2.149467,-0.000001
1290.000000,201.356587,90.908446,-2.149468,-0.000000
1295.000000,198.622025,86.722497,-2.149468,0.000000
1300.000000,195.887463,82.536547,-2.149468,0.000000
1305.000000,193.152902,78.350598,-2.149468,-0.000000
1310.000000,190.418340,74.164649,-2.149468,0.000000
1315.000000,187.683778,69.978700,-2.149468,-0.000000
1320.000000,184.949216,65.792750,-2.149468,0.000000
1325.000000,182.214654,61.606801,-2.149468,-0.000000
1330.000000,179.480092,57.420852,-2.149468,0.000000
1335.000000,176.745531,53.234902,-2.149468,-0.000000
1340.000000,174.010969,49.048953,-2.149468,-0.000000
1345.000000,171.276396,44.863011,-2.149476,-0.000004
1350.000000,168.541720,40.677136,-2.149542,-0.000028
1355.000000,165.806355,36.491712,-2.149855,-0.000104
1360.000000,163.068835,32.307696,-2.150617,-0.000198
1365.000000,160.327201,28.126376,-2.151729,-0.000246
1370.000000,157.580239,23.948554,-2.153549,-0.000594
1375.000000,154.818094,19.780769,-2.160491,-0.002448
1380.000000,152.003361,15.648424,-2.181957,-0.006492
1385.000000,149.052684,11.612531,-2.226140,-0.010928
1390.000000,145.893347,7.738310,-2.288037,-0.013632
1395.000000,142.473187,4.092874,-2.361053,-0.015567
1400.000000,138.786444,0.717652,-2.443712,-0.017443
1405.000000,134.815519,-2.317565,-2.532046,-0.017613
1410.000000,130.600413,-5.003799,-2.618093,-0.016828
1415.000000,126.167294,-7.312606,-2.702485,-0.017092
1420.000000,121.558624,-9.247297,-2.789470,-0.017636
1425.000000,116.793650,-10.756435,-2.876569,-0.017085
1430.000000,111.920755,-11.869708,-2.959548,-0.016093
1435.000000,106.971582,-12.571004,-3.038492,-0.015592
1440.000000,101.983745,-12.899200,-3.115436,-0.015057
1445.000000,96.985194,-12.841928,-3.185845,-0.012960
1450.000000,91.999695,-12.472379,-3.244844,-0.010808
1455.000000,87.043239,-11.819036,-3.299359,-0.011355
1460.000000,82.130746,-10.892460,-3.360513,-0.013176
1465.000000,77.292341,-9.636077,-3.430340,-0.014654
1470.000000,72.555670,-8.039243,-3.506331,-0.015712
1475.000000,67.962892,-6.066628,-3.587194,-0.016686
1480.000000,63.546771,-3.725903,-3.674575,-0.018426
1485.000000,59.370113,-0.981170,-3.770992,-0.019872
1490.000000,55.477476,2.153014,-3.867843,-0.018279
1495.000000,51.886627,5.630211,-3.947408,-0.013446
1500.000000,48.535657,9.339996,-4.005454,-0.010343
1505.000000,45.390811,13.226265,-4.059901,-0.011984
1510.000000,42.484599,17.293427,-4.128500,-0.015526
1515.000000,39.904637,21.574333,-4.214377,-0.018719
1520.000000,37.732415,26.074953,-4.313784,-0.020820
1525.000000,36.036451,30.775771,-4.417819,-0.020354
1530.000000,34.821819,35.623567,-4.512514,-0.017293
1535.000000,34.028059,40.558729,-4.589479,-0.013545
1540.000000,33.573753,45.537094,-4.650281,-0.011071
1545.000000,33.397967,50.533319,-4.704359,-0.010911
1550.000000,33.500064,55.531405,-4.762410,-0.012391
1555.000000,33.908311,60.513679,-4.828173,-0.013892
1560.000000,34.665268,65.454640,-4.901667,-0.015569
1565.000000,35.799863,70.322553,-4.984309,-0.017483
1570.000000,37.359614,75.070808,-5.075336,-0.018829
1575.000000,39.350455,79.655007,-5.171340,-0.019434
1580.000000,41.780902,84.021982,-5.265471,-0.017804
1585.000000,44.577802,88.164768,-5.343280,-0.012733
1590.000000,47.636419,92.119469,-5.389730,-0.006076
1595.000000,50.813458,95.980257,-5.407081,-0.001150
1600.000000,54.018131,99.818233,-5.407159,0.000691
1605.000000,57.212141,103.665084,-5.403472,0.000626
1610.000000,60.394193,107.521837,-5.401488,0.000205
1615.000000,63.572061,111.382038,-5.400974,0.000031
1620.000000,66.749102,115.242919,-5.400910,0.000003
1625.000000,69.926069,119.103863,-5.400906,0.000000
1630.000000,73.103032,122.964809,-5.400906,0.000000
1635.000000,76.279996,126.825755,-5.400906,-0.000000
1640.000000,79.456959,130.686701,-5.400906,0.000000
1645.000000,82.633922,134.547647,-5.400906,0.000000
1650.000000,85.810885,138.408593,-5.400906,-0.000000
1655.000000,88.987848,142.269539,-5.400906,0.000000
1660.000000,92.164812,146.130485,-5.400906,0.000000
1665.000000,95.341775,149.991431,-5.400906,-0.000000
1670.000000,98.518738,153.852377,-5.400906,-0.000000
1675.000000,101.695701,157.713323,-5.400906,-0.000000
1680.000000,104.872665,161.574269,-5.400906,-0.000000
1685.000000,108.049628,165.435216,-5.400906,0.000000
1690.000000,111.226591,169.296162,-5.400906,0.000000
1695.000000,114.403554,173.157108,-5.400906,-0.000000
1700.000000,117.580518,177.018054,-5.400906,-0.000000
1705.000000,120.757481,180.879000,-5.400906,-0.000000
1710.000000,123.934444,184.739946,-5.400906,-0.000000
1715.000000,127.111407,188.600892,-5.400906,-0.000000
1720.000000,130.288370,192.461838,-5.400906,-0.000000
1725.000000,133.465334,196.322784,-5.400906,-0.000000
1730.000000,136.642297,200.183730,-5.400906,-0.000000
1735.000000,139.819260,204.044676,-5.400906,0.000000
1740.000000,142.996223,207.905622,-5.400906,0.000000
1745.000000,146.173187,211.766568,-5.400906,-0.000000
1750.000000,149.350150,215.627515,-5.400906,-0.000000
1755.000000,152.527113,219.488461,-5.400906,-0.000000
1760.000000,155.704076,223.349407,-5.400906,-0.000000
1765.000000,158.881040,227.210353,-5.400906,0.000000
1770.000000,162.058003,231.071299,-5.400906,-0.000000
1775.000000,165.234966,234.932245,-5.400906,-0.000000
1780.000000,168.411929,238.793191,-5.400906,-0.000000
1785.000000,171.588893,242.654137,-5.400906,-0.000000
1790.000000,174.765856,246.515083,-5.400906,-0.000000
1795.000000,177.942819,250.376029,-5.400906,0.000000
1800.000000,181.119782,254.236975,-5.400906,0.000000
1805.000000,184.296745,258.097921,-5.400906,-0.000000
1810.000000,187.473709,261.958867,-5.400906,0.000000
1815.000000,190.650672,265.819814,-5.400906,0.000000
1820.000000,193.827635,269.680760,-5.400906,-0.000000
1825.000000,197.004598,273.541706,-5.400906,0.000000
1830.000000,200.181562,277.402652,-5.400906,-0.000000
1835.000000,203.358525,281.263598,-5.400906,0.000000
1840.000000,206.535470,285.124559,-5.400885,0.000012
1845.000000,209.712100,288.985779,-5.400624,0.000127
1850.000000,212.885361,292.849767,-5.398589,0.000793
1855.000000,216.042484,296.726938,-5.390936,0.002446
1860.000000,219.150402,300.643582,-5.373953,0.004184
1865.000000,222.179167,304.621688,-5.350597,0.005151
1870.000000,225.099132,308.680199,-5.319835,0.007434
1875.000000,227.867962,312.842972,-5.272949,0.011554
1880.000000,230.386670,317.160976,-5.206668,0.014462
1885.000000,232.601223,321.642431,-5.134227,0.014031
1890.000000,234.488950,326.271312,-5.068986,0.012261
1895.000000,236.095982,331.005143,-5.007982,0.012553
1900.000000,237.388311,335.834106,-4.939627,0.014808
1905.000000,238.333613,340.742509,-4.860594,0.016721
1910.000000,238.852820,345.713778,-4.774675,0.017514
1915.000000,238.952376,350.711010,-4.686488,0.017686
1920.000000,238.595781,355.696562,-4.599327,0.017115
1925.000000,237.829432,360.635815,-4.515737,0.016338
1930.000000,236.648664,365.492866,-4.435023,0.016012
1935.000000,235.095330,370.243873,-4.356218,0.015350
1940.000000,233.174764,374.859001,-4.283888,0.013565
1945.000000,230.952640,379.336937,-4.218877,0.012761
1950.000000,228.437629,383.657133,-4.151253,0.014486
1955.000000,225.623972,387.788538,-4.074170,0.016195
1960.000000,222.481004,391.675160,-3.991749,0.016759
1965.000000,219.028418,395.289110,-3.904729,0.018288
1970.000000,215.255580,398.566896,-3.809111,0.019608
1975.000000,211.187636,401.470096,-3.714717,0.017664
1980.000000,206.877503,404.001461,-3.634839,0.014533
1985.000000,202.394255,406.212337,-3.564903,0.013783
1990.000000,197.767659,408.105206,-3.494985,0.014179
1995.000000,193.019391,409.667426,-3.423083,0.014646
2000.000000,188.169084,410.876167,-3.348020,0.015323
2005.000000,183.241184,411.713254,-3.272177,0.014806
2010.000000,178.264653,412.184475,-3.200716,0.013963
2015.000000,173.267386,412.303072,-3.129092,0.014899
2020.000000,168.275188,412.050910,-3.051701,0.015879
2025.000000,163.318913,411.403640,-2.972276,0.015874
2030.000000,158.429060,410.367264,-2.891911,0.016402
2035.000000,153.641937,408.930137,-2.808253,0.016956
2040.000000,148.991116,407.099017,-2.723992,0.016652
2045.000000,144.511026,404.882771,-2.642299,0.016019
2050.000000,140.218782,402.321074,-2.564435,0.015046
2055.000000,136.134849,399.438662,-2.491941,0.014074
2060.000000,132.260426,396.279967,-2.421557,0.014300
2065.000000,128.627714,392.846333,-2.348036,0.014974
2070.000000,125.253134,389.158566,-2.275386,0.013624
2075.000000,122.138858,385.247942,-2.217243,0.009487
2080.000000,119.208213,381.197245,-2.180807,0.005197
2085.000000,116.390610,377.066845,-2.160884,0.003100
2090.000000,113.636759,372.893607,-2.148234,0.001937
2095.000000,110.924359,368.693275,-2.141553,0.000805
2100.000000,108.229140,364.481888,-2.139290,0.000175
2105.000000,105.538511,360.267566,-2.138900,0.000021
2110.000000,102.848466,356.052870,-2.138860,0.000001
2115.000000,100.158469,351.838144,-2.138858,-0.000000
2120.000000,97.468471,347.623418,-2.138858,-0.000000
2125.000000,94.778474,343.408693,-2.138858,-0.000000
2130.000000,92.088477,339.193967,-2.138858,-0.000000
2135.000000,89.398479,334.979241,-2.138858,0.000000
2140.000000,86.708482,330.764515,-2.138858,0.000000
2145.000000,84.018486,326.549788,-2.138857,0.000001
2150.000000,81.328507,322.335050,-2.138843,0.000007
2155.000000,78.638752,318.120170,-2.138713,0.000053
2160.000000,75.950180,313.904535,-2.138172,0.000180
2165.000000,73.265555,309.686385,-2.136880,0.000319
2170.000000,70.587262,305.464213,-2.135269,0.000294
2175.000000,67.915110,301.238151,-2.134192,0.000139
2180.000000,65.245888,297.010237,-2.133790,0.000033
2185.000000,62.577514,292.781788,-2.133715,0.000004
2190.000000,59.909257,288.553265,-2.133707,0.000000
2195.000000,57.241010,284.324736,-2.133706,-0.000000
2200.000000,54.572764,280.096207,-2.133706,-0.000000
2205.000000,51.904517,275.867678,-2.133706,-0.000000
2210.000000,49.236271,271.639148,-2.133706,-0.000000
2215.000000,46.568024,267.410619,-2.133706,-0.000000
2220.000000,43.899778,263.182090,-2.133706,0.000000
2225.000000,41.231531,258.953560,-2.133706,0.000000
2230.000000,38.563284,254.725031,-2.133706,0.000000
2235.000000,35.895038,250.496502,-2.133706,-0.000000
2240.000000,33.226791,246.267972,-2.133706,0.000000
2245.000000,30.558545,242.039443,-2.133706,0.000000
2250.000000,27.890298,237.810914,-2.133706,0.000000
2255.000000,25.222052,233.582384,-2.133706,-0.000000
2260.000000,22.553805,229.353855,-2.133706,-0.000000
2265.000000,19.885557,225.125326,-2.133708,-0.000001
2270.000000,17.217286,220.896813,-2.133725,-0.000009
2275.000000,14.548768,216.668455,-2.133861,-0.000053
2280.000000,11.879085,212.440832,-2.134363,-0.000159
2285.000000,9.205971,208.215379,-2.135418,-0.000246
2290.000000,6.527983,203.993012,-2.136584,-0.000198
2295.000000,3.845832,199.773289,-2.137265,-0.000081
2300.000000,1.161947,195.554668,-2.137487,-0.000016
2305.000000,-1.522376,191.336326,-2.137522,-0.000002
2310.000000,-4.206750,187.118017,-2.137526,-0.000000
2315.000000,-6.891128,182.899709,-2.137526,-0.000000
2320.000000,-9.575506,178.681402,-2.137526,0.000000
2325.000000,-12.259884,174.463095,-2.137526,-0.000000
2330.000000,-14.944262,170.244788,-2.137526,0.000000
2335.000000,-17.628639,166.026481,-2.137526,0.000000
2340.000000,-20.313017,161.808173,-2.137526,-0.000000
2345.000000,-22.997395,157.589866,-2.137526,-0.000000
2350.000000,-25.681773,153.371559,-2.137526,-0.000000
2355.000000,-28.366151,149.153252,-2.137526,-0.000000
2360.000000,-31.050529,144.934945,-2.137526,-0.000000
2365.000000,-33.734906,140.716637,-2.137525,0.000000
2370.000000,-36.419269,136.498320,-2.137511,0.000007
2375.000000,-39.103388,132.279849,-2.137354,0.000069
2380.000000,-41.785890,128.060348,-2.136531,0.000300
2385.000000,-44.461537,123.836500,-2.134029,0.000687
2390.000000,-47.123412,119.603961,-2.130120,0.000810
2395.000000,-49.768525,115.360925,-2.126821,0.000484
2400.000000,-52.403621,111.111659,-2.125287,0.000147
2405.000000,-55.035101,106.860152,-2.124925,0.000024
2410.000000,-57.665954,102.608257,-2.124874,0.000002
2415.000000,-60.296740,98.356320,-2.124871,0.000000
2420.000000,-62.927523,94.104382,-2.124871,0.000000
2425.000000,-65.558306,89.852443,-2.124871,0.000000
2430.000000,-68.189089,85.600505,-2.124871,-0.000000
2435.000000,-70.819872,81.348567,-2.124871,-0.000000
2440.000000,-73.450655,77.096628,-2.124871,-0.000000
2445.000000,-76.081439,72.844690,-2.124871,-0.000000
2450.000000,-78.712222,68.592751,-2.124871,-0.000000
2455.000000,-81.343005,64.340813,-2.124871,-0.000000
2460.000000,-83.973788,60.088875,-2.124871,-0.000000
2465.000000,-86.604571,55.836936,-2.124871,0.000000
2470.000000,-89.235354,51.584998,-2.124871,-0.000000
2475.000000,-91.866138,47.333060,-2.124872,-0.000000
2480.000000,-94.496935,43.081130,-2.124884,-0.000007
2485.000000,-97.127954,38.829338,-2.125024,-0.000060
2490.000000,-99.760385,34.578419,-2.125711,-0.000241
2495.000000,-102.398081,30.330766,-2.127360,-0.000354
2500.000000,-105.041778,26.086846,-2.127393,0.000638
2505.000000,-107.666985,21.831500,-2.116313,0.004021
2510.000000,-110.207123,17.525045,-2.085311,0.008445
2515.000000,-112.560806,13.114395,-2.034818,0.011476
2520.000000,-114.665319,8.579886,-1.970496,0.014584
2525.000000,-116.419216,3.899465,-1.885567,0.019329
2530.000000,-117.731194,-0.922727,-1.780017,0.022485
2535.000000,-118.483567,-5.862912,-1.668860,0.021602
2540.000000,-118.719818,-10.854872,-1.565678,0.019723
2545.000000,-118.442995,-15.845118,-1.469371,0.018931
2550.000000,-117.711830,-20.789292,-1.376614,0.018104
2555.000000,-116.522128,-25.643820,-1.287109,0.018015
2560.000000,-114.908955,-30.374145,-1.192279,0.020291
2565.000000,-112.813427,-34.910785,-1.083801,0.022782
2570.000000,-110.230480,-39.188047,-0.969220,0.022669
2575.000000,-107.174750,-43.142124,-0.860217,0.020955
2580.000000,-103.727410,-46.760082,-0.759279,0.019425
2585.000000,-99.942188,-50.023805,-0.666950,0.017450
2590.000000,-95.889020,-52.948577,-0.584664,0.015546
2595.000000,-91.618911,-55.547273,-0.511044,0.013832
2600.000000,-87.181085,-57.848453,-0.448527,0.010978
2605.000000,-82.623457,-59.903462,-0.403030,0.007194
2610.000000,-77.994543,-61.793226,-0.375676,0.003893
2615.000000,-73.328586,-63.589999,-0.361803,0.001843
2620.000000,-68.645540,-65.341846,-0.354915,0.001107
2625.000000,-63.951931,-67.065196,-0.348106,0.001785
2630.000000,-59.242995,-68.746136,-0.336610,0.002707
2635.000000,-54.512611,-70.365719,-0.323692,0.002230
2640.000000,-49.764943,-71.933991,-0.315762,0.000950
2645.000000,-45.009452,-73.478430,-0.313076,0.000247
2650.000000,-40.251698,-75.015886,-0.312042,0.000238
2655.000000,-35.491924,-76.547079,-0.310057,0.000576
2660.000000,-30.727838,-78.064790,-0.306532,0.000780
2665.000000,-25.958123,-79.564720,-0.303100,0.000541
2670.000000,-21.184422,-81.051921,-0.301278,0.000209
2675.000000,-16.409012,-82.533629,-0.300523,0.000138
2680.000000,-11.632455,-84.011634,-0.299466,0.000303
2685.000000,-6.853705,-85.482532,-0.297659,0.000364
2690.000000,-2.072623,-86.945833,-0.296942,-0.000180
2695.000000,2.706831,-88.414435,-0.300554,-0.001308
2700.000000,7.476563,-89.914242,-0.309982,-0.002431
2705.000000,12.227856,-91.471390,-0.324319,-0.003253
2710.000000,16.953414,-93.104885,-0.341821,-0.003705
2715.000000,21.647812,-94.825846,-0.361596,-0.004312
2720.000000,26.303192,-96.649517,-0.386985,-0.006010
2725.000000,30.900995,-98.613461,-0.423132,-0.008476
2730.000000,35.411560,-100.769576,-0.470787,-0.010427
2735.000000,39.805022,-103.155049,-0.524541,-0.010822
2740.000000,44.064154,-105.772817,-0.576612,-0.009932
2745.000000,48.188014,-108.599178,-0.624738,-0.009538
2750.000000,52.169882,-111.622118,-0.675162,-0.010804
2755.000000,55.983631,-114.854362,-0.732251,-0.011721
2760.000000,59.604594,-118.301208,-0.786925,-0.009822
2765.000000,63.053598,-121.920605,-0.829908,-0.007662
2770.000000,66.355899,-125.674385,-0.869385,-0.008554
2775.000000,69.493447,-129.566688,-0.918724,-0.011239
2780.000000,72.407337,-133.628660,-0.979249,-0.012609
2785.000000,75.066002,-137.862158,-1.040178,-0.011469
2790.000000,77.475725,-142.242346,-1.093302,-0.009971
2795.000000,79.663496,-146.737652,-1.143713,-0.010581
2800.000000,81.604478,-151.344590,-1.201776,-0.012561
2805.000000,83.260088,-156.061483,-1.265652,-0.012560
2810.000000,84.615552,-160.873352,-1.323919,-0.010752
2815.000000,85.713169,-165.750769,-1.374686,-0.009735
2820.000000,86.566289,-170.676851,-1.423054,-0.009688
2825.000000,87.183606,-175.638023,-1.472305,-0.010089
2830.000000,87.544250,-180.624302,-1.524853,-0.010976
2835.000000,87.635858,-185.622684,-1.582598,-0.012172
2840.000000,87.417657,-190.616911,-1.645813,-0.012933
2845.000000,86.887141,-195.587735,-1.708803,-0.011952
2850.000000,86.055455,-200.517325,-1.763986,-0.010308
2855.000000,84.974091,-205.398380,-1.814925,-0.010311
2860.000000,83.636034,-210.215305,-1.867498,-0.010564
2865.000000,82.053860,-214.957729,-1.918570,-0.009733
2870.000000,80.236294,-219.615114,-1.965228,-0.009101
2875.000000,78.212464,-224.186671,-2.012136,-0.009935
2880.000000,75.955658,-228.647564,-2.066667,-0.011807
2885.000000,73.449228,-232.972967,-2.127772,-0.012315
2890.000000,70.676252,-237.132572,-2.187004,-0.011450
2895.000000,67.675568,-241.131134,-2.244236,-0.011626
2900.000000,64.440510,-244.942458,-2.303154,-0.011790
2905.000000,60.994737,-248.564484,-2.360751,-0.011195
2910.000000,57.344234,-251.980162,-2.415837,-0.010928
2915.000000,53.518822,-255.198779,-2.470469,-0.010931
2920.000000,49.517095,-258.195335,-2.525273,-0.011020
2925.000000,45.362222,-260.975644,-2.580843,-0.011194
2930.000000,41.053464,-263.510949,-2.635966,-0.010760
2935.000000,36.619689,-265.820827,-2.687651,-0.009881
2940.000000,32.072754,-267.899343,-2.735770,-0.009505
2945.000000,27.435054,-269.766539,-2.784261,-0.010048
2950.000000,22.706219,-271.388800,-2.837082,-0.010990
2955.000000,17.898587,-272.759738,-2.892451,-0.010970
2960.000000,13.021251,-273.857604,-2.945189,-0.010151
2965.000000,8.095826,-274.714619,-2.994455,-0.009589
2970.000000,3.133923,-275.326599,-3.041251,-0.009129
2975.000000,-1.850193,-275.718858,-3.085864,-0.008776
2980.000000,-6.847040,-275.882598,-3.131367,-0.009649
2985.000000,-11.845842,-275.810204,-3.184929,-0.011996
2990.000000,-16.830300,-275.429645,-3.251221,-0.014276
2995.000000,-21.776575,-274.707660,-3.324015,-0.014450
3000.000000,-26.657260,-273.626642,-3.390693,-0.012064
3005.000000,-31.466338,-272.260779,-3.444571,-0.009618
3010.000000,-36.201130,-270.655518,-3.490796,-0.009171
3015.000000,-40.858692,-268.838488,-3.537966,-0.009697
3020.000000,-45.421246,-266.794572,-3.586278,-0.009527
3025.000000,-49.883559,-264.540189,-3.633430,-0.009467
3030.000000,-54.230291,-262.070364,-3.683638,-0.010804
3035.000000,-58.438968,-259.372563,-3.743364,-0.013219
3040.000000,-62.456970,-256.398777,-3.814834,-0.015055
3045.000000,-66.247404,-253.140167,-3.888453,-0.013860
3050.000000,-69.803529,-249.626546,-3.948313,-0.010034
3055.000000,-73.180451,-245.939843,-3.991088,-0.007444
3060.000000,-76.411093,-242.124127,-4.028627,-0.007907
3065.000000,-79.489471,-238.184725,-4.071323,-0.009066
3070.000000,-82.386755,-234.110306,-4.116072,-0.008562
3075.000000,-85.111243,-229.918251,-4.154443,-0.006650
3080.000000,-87.693776,-225.637042,-4.181868,-0.004336
3085.000000,-90.184025,-221.301379,-4.197990,-0.002138
3090.000000,-92.625992,-216.938272,-4.204551,-0.000642
3095.000000,-95.052930,-212.566777,-4.205907,0.000024
3100.000000,-97.479870,-208.195284,-4.204897,0.000357
3105.000000,-99.914280,-203.827946,-4.202670,0.000497
3110.000000,-102.359124,-199.466441,-4.200490,0.000345
3115.000000,-104.811402,-195.109111,-4.199206,0.000203
3120.000000,-107.269209,-190.754897,-4.197151,0.000813
3125.000000,-109.748204,-186.412741,-4.186686,0.003904
3130.000000,-112.318596,-182.124386,-4.150619,0.010952
3135.000000,-115.119356,-177.984236,-4.075209,0.019121
3140.000000,-118.299387,-174.129652,-3.964226,0.024875
3145.000000,-121.928896,-170.697585,-3.829438,0.028995
3150.000000,-126.013639,-167.823758,-3.674371,0.033223
3155.000000,-130.518845,-165.674017,-3.496546,0.037830
3160.000000,-135.341042,-164.385494,-3.302094,0.039149
3165.000000,-140.323118,-164.071221,-3.118038,0.034074
3170.000000,-145.291356,-164.580179,-2.961832,0.028859
3175.000000,-150.127559,-165.831324,-2.818833,0.029177
3180.000000,-154.734294,-167.759684,-2.664884,0.032603
3185.000000,-158.962301,-170.416443,-2.497786,0.033471
3190.000000,-162.702670,-173.724829,-2.342238,0.027787
3195.000000,-165.956088,-177.517534,-2.229062,0.017227
3200.000000,-168.871073,-181.578711,-2.168019,0.007742
3205.000000,-171.620592,-185.754691,-2.143793,0.002555
3210.000000,-174.311698,-189.968694,-2.136524,0.000659
3215.000000,-176.986934,-194.192804,-2.134738,0.000164
3220.000000,-179.658059,-198.419515,-2.134077,0.000128
3225.000000,-182.326415,-202.647975,-2.133351,0.000156
3230.000000,-184.991601,-206.878435,-2.132669,0.000108
3235.000000,-187.654537,-211.110311,-2.132309,0.000039
3240.000000,-190.316586,-215.342744,-2.132208,0.000007
3245.000000,-192.978448,-219.575295,-2.132193,0.000001
3250.000000,-195.640288,-223.807860,-2.132192,0.000000
3255.000000,-198.302127,-228.040426,-2.132192,0.000000
3260.000000,-200.963966,-232.272992,-2.132192,0.000000
3265.000000,-203.625805,-236.505558,-2.132192,0.000000
3270.000000,-206.287643,-240.738124,-2.132192,0.000000
3275.000000,-208.949482,-244.970690,-2.132192,0.000000
3280.000000,-211.611321,-249.203256,-2.132192,0.000000
3285.000000,-214.273160,-253.435822,-2.132192,-0.000000
3290.000000,-216.934999,-257.668387,-2.132192,-0.000000
3295.000000,-219.596838,-261.900953,-2.132192,0.000000
3300.000000,-222.258677,-266.133519,-2.132192,0.000000
3305.000000,-224.920516,-270.366085,-2.132192,-0.000000
3310.000000,-227.582354,-274.598651,-2.132192,0.000000
3315.000000,-230.244193,-278.831217,-2.132192,0.000000
3320.000000,-232.906032,-283.063783,-2.132192,-0.000000
3325.000000,-235.567871,-287.296348,-2.132192,0.000000
3330.000000,-238.229710,-291.528914,-2.132192,0.000000
3335.000000,-240.891549,-295.761480,-2.132191,0.000000
3340.000000,-243.553386,-299.994047,-2.132190,0.000001
3345.000000,-246.215197,-304.226631,-2.132173,0.000008
3350.000000,-248.876812,-308.459337,-2.132076,0.000035
3355.000000,-251.537670,-312.692519,-2.131790,0.000080
3360.000000,-254.196869,-316.926745,-2.131331,0.000096
3365.000000,-256.854137,-321.162182,-2.130933,0.000058
3370.000000,-259.510173,-325.398391,-2.130754,0.000017
3375.000000,-262.165815,-329.634848,-2.130720,0.000000
3380.000000,-264.821431,-333.871321,-2.130726,-0.000002
3385.000000,-267.477078,-338.107775,-2.130732,-0.000001
3390.000000,-270.132739,-342.344219,-2.130733,-0.000000
3395.000000,-272.788404,-346.580662,-2.130734,-0.000000
3400.000000,-275.444069,-350.817104,-2.130734,-0.000000
3405.000000,-278.099734,-355.053546,-2.130734,-0.000000
3410.000000,-280.755399,-359.289988,-2.130734,-0.000000
3415.000000,-283.411065,-363.526431,-2.130734,0.000000
3420.000000,-286.066730,-367.762873,-2.130734,-0.000001
3425.000000,-288.722414,-371.999303,-2.130751,-0.000009
3430.000000,-291.378392,-376.235549,-2.130953,-0.000093
3435.000000,-294.036762,-380.470294,-2.132276,-0.000525
3440.000000,-296.707994,-384.696928,-2.138171,-0.002051
3445.000000,-299.425222,-388.894057,-2.156821,-0.005829
3450.000000,-302.267932,-393.006714,-2.200577,-0.011790
3455.000000,-305.344542,-396.946476,-2.273363,-0.017027
3460.000000,-308.743121,-400.610813,-2.365582,-0.019452
3465.000000,-312.474870,-403.935166,-2.463096,-0.019202
3470.000000,-316.509814,-406.884396,-2.554212,-0.017150
3475.000000,-320.779297,-409.483715,-2.633912,-0.014707
3480.000000,-325.232093,-411.755453,-2.702769,-0.013121
3485.000000,-329.823425,-413.732693,-2.769476,-0.014006
3490.000000,-334.545164,-415.372925,-2.846305,-0.016703
3495.000000,-339.383957,-416.625111,-2.934333,-0.018208
3500.000000,-344.317414,-417.425988,-3.023656,-0.017298
3505.000000,-349.301005,-417.810888,-3.105968,-0.015611
3510.000000,-354.299638,-417.792771,-3.181069,-0.014584
3515.000000,-359.284618,-417.421047,-3.253158,-0.014373
3520.000000,-364.228040,-416.679261,-3.325737,-0.014627
3525.000000,-369.107143,-415.591885,-3.398386,-0.014337
3530.000000,-373.891980,-414.144848,-3.469337,-0.014161
3535.000000,-378.566945,-412.374756,-3.540996,-0.014568
3540.000000,-383.094434,-410.255938,-3.615536,-0.015319
3545.000000,-387.452533,-407.808030,-3.696011,-0.017148
3550.000000,-391.574822,-404.981919,-3.788949,-0.019935
3555.000000,-395.406728,-401.774033,-3.892550,-0.021086
3560.000000,-398.875130,-398.175820,-3.992533,-0.018604
3565.000000,-402.004841,-394.278780,-4.077847,-0.015692
3570.000000,-404.807769,-390.139908,-4.153936,-0.015030
3575.000000,-407.299017,-385.806355,-4.228374,-0.014544
3580.000000,-409.466036,-381.301545,-4.295926,-0.012392
3585.000000,-411.353835,-376.672534,-4.354193,-0.011289
3590.000000,-412.967125,-371.940851,-4.414264,-0.012949
3595.000000,-414.276281,-367.116546,-4.483180,-0.014424
3600.000000,-415.232348,-362.210082,-4.555832,-0.014560
3605.000000,-415.833090,-357.247693,-4.629224,-0.014910
3610.000000,-416.057262,-352.254127,-4.706128,-0.015887
3615.000000,-415.888686,-347.258690,-4.787484,-0.016553
3620.000000,-415.306774,-342.294300,-4.869800,-0.016242
3625.000000,-414.327759,-337.392724,-4.948244,-0.015006
3630.000000,-412.984277,-332.577817,-5.018225,-0.012897
3635.000000,-411.334688,-327.858706,-5.076353,-0.010286
3640.000000,-409.445578,-323.229803,-5.119518,-0.006826
3645.000000,-407.400523,-318.667328,-5.143913,-0.003030
3650.000000,-405.283651,-314.137573,-5.152677,-0.000768
3655.000000,-403.146914,-309.617137,-5.154498,-0.000103
3660.000000,-401.006987,-305.098208,-5.154700,-0.000007
3665.000000,-398.866796,-300.579405,-5.154712,0.000000
3670.000000,-396.726600,-296.060604,-5.154709,0.000002
3675.000000,-394.586454,-291.541779,-5.154677,0.000014
3680.000000,-392.446691,-287.022774,-5.154491,0.000071
3685.000000,-390.308675,-282.502941,-5.153865,0.000176
3690.000000,-388.174381,-277.981350,-5.152956,0.000159
3695.000000,-386.043553,-273.458124,-5.152421,0.000059
3700.000000,-383.914252,-268.934179,-5.152195,0.000050
3705.000000,-381.786267,-264.409615,-5.151615,0.000227
3710.000000,-379.664243,-259.882254,-5.149308,0.000714
3715.000000,-377.557827,-255.347614,-5.144531,0.001155
3720.000000,-375.477137,-250.801115,-5.139060,0.000947
3725.000000,-373.416830,-246.245337,-5.135644,0.000401
3730.000000,-371.366514,-241.685052,-5.134553,0.000090
3735.000000,-369.318496,-237.123734,-5.134348,0.000009
3740.000000,-367.270818,-232.562263,-5.134330,0.000001
3745.000000,-365.223161,-228.000783,-5.134329,0.000000
3750.000000,-363.175505,-223.439303,-5.134329,0.000000
3755.000000,-361.127848,-218.877823,-5.134329,0.000000
3760.000000,-359.080191,-214.316342,-5.134329,-0.000000
3765.000000,-357.032535,-209.754862,-5.134331,-0.000001
3770.000000,-354.984820,-205.193408,-5.134378,-0.000025
3775.000000,-352.936375,-200.632282,-5.134842,-0.000213
3780.000000,-350.881687,-196.073967,-5.137709,-0.001025
3785.000000,-348.803563,-191.526303,-5.146182,-0.002434
3790.000000,-346.670260,-187.004298,-5.160232,-0.002917
3795.000000,-344.475671,-182.511704,-5.172524,-0.001799
3800.000000,-342.239459,-178.039647,-5.178085,-0.000568
3805.000000,-339.989930,-173.574268,-5.179519,-0.000085
3810.000000,-337.737720,-169.110239,-5.179691,-0.000007
3815.000000,-335.485277,-164.646328,-5.179704,-0.000000
3820.000000,-333.232821,-160.182424,-5.179704,-0.000000
3825.000000,-330.980366,-155.718519,-5.179704,-0.000000
3830.000000,-328.727910,-151.254615,-5.179704,0.000000
3835.000000,-326.475455,-146.790710,-5.179704,-0.000000
3840.000000,-324.222999,-142.326805,-5.179704,0.000000
3845.000000,-321.970542,-137.862902,-5.179708,-0.000003
3850.000000,-319.717967,-133.399057,-5.179798,-0.000045
3855.000000,-317.464153,-128.935839,-5.180545,-0.000325
3860.000000,-315.201454,-124.477122,-5.184405,-0.001296
3865.000000,-312.910388,-120.032933,-5.194120,-0.002588
3870.000000,-310.562659,-115.618445,-5.207758,-0.002614
3875.000000,-308.161058,-111.233009,-5.218033,-0.001370
3880.000000,-305.727803,-106.865030,-5.222032,-0.000373
3885.000000,-303.285811,-102.501927,-5.222894,-0.000027
3890.000000,-300.842877,-98.139350,-5.222682,0.000108
3895.000000,-298.402287,-93.775462,-5.221741,0.000277
3900.000000,-295.967751,-89.408194,-5.220111,0.000344
3905.000000,-293.540217,-85.037030,-5.218638,0.000220
3910.000000,-291.117628,-80.663123,-5.217949,0.000072
3915.000000,-288.696680,-76.288308,-5.217765,0.000011
3920.000000,-286.276073,-71.913304,-5.217742,0.000001
3925.000000,-283.855498,-67.538282,-5.217740,0.000000
3930.000000,-281.434924,-63.163260,-5.217740,0.000000
3935.000000,-279.014350,-58.788237,-5.217740,0.000000
3940.000000,-276.593775,-54.413215,-5.217742,-0.000001
3945.000000,-274.173159,-50.038216,-5.217781,-0.000022
3950.000000,-271.751751,-45.663655,-5.218297,-0.000232
3955.000000,-269.324639,-41.292258,-5.221240,-0.001120
3960.000000,-266.870310,-36.936111,-5.231333,-0.002899
3965.000000,-264.356280,-32.614198,-5.248849,-0.003856
3970.000000,-261.761072,-28.340529,-5.265402,-0.002583
3975.000000,-259.113173,-24.099250,-5.273980,-0.000880
3980.000000,-256.444009,-19.871301,-5.276203,-0.000161
3985.000000,-253.770886,-15.645853,-5.276548,-0.000013
3990.000000,-251.097282,-11.420709,-5.276571,-0.000001
3995.000000,-248.423656,-7.195579,-5.276571,0.000000
4000.000000,-245.750030,-2.970448,-5.276571,-0.000000
4005.000000,-243.076404,1.254682,-5.276571,-0.000000
